url	first_seen	portal	title	company	status	location	fingerprint	posted_at	trust_score	trust_flags	normalized_company
https://www.linkedin.com/jobs/view/4457746684	2026-08-30	linkedin	Full Stack Engineer	Callisto Group	added	South District, Israel		2026-08-27			callisto group
https://www.linkedin.com/jobs/view/4459696616	2026-08-30	linkedin	Full Stack Developer (37456)	מרטנס | Mertens – מקבוצת מלם תים	added	Center District, Israel		2026-08-27			mertens
https://www.linkedin.com/jobs/view/4459190234	2026-08-30	linkedin	Full Stack Engineer	Extreme	added	Center District, Israel		2026-08-26			extreme
https://www.linkedin.com/jobs/view/4458583725	2026-08-30	linkedin	Full Stack Engineer	Medulla	added	Tel Aviv District, Israel		2026-08-25			medulla
https://www.linkedin.com/jobs/view/4458189076	2026-08-30	linkedin	Full Stack Software Engineer	Unframe	added	Tel Aviv-Yafo, Tel Aviv District, Israel		2026-08-24			unframe
https://www.linkedin.com/jobs/view/4455074290	2026-08-30	linkedin	Full Stack Developer	IAI - Israel Aerospace Industries	added	Ashdod, South District, Israel		2026-08-23			iai israel aerospace industries
https://www.linkedin.com/jobs/view/4458100564	2026-08-30	linkedin	Full Stack Developer	Moon Active	added	Tel Aviv-Yafo, Tel Aviv District, Israel		2026-08-23			moon active
https://www.linkedin.com/jobs/view/4433623039	2026-08-30	linkedin	Fullstack Engineer	Ashley Digital	added	Tel Aviv-Yafo, Tel Aviv District, Israel		2026-08-10			ashley digital
https://www.linkedin.com/jobs/view/4450953008	2026-08-30	linkedin	Full Stack Engineer	Mobile Group Ltd.	added	Hadera, Haifa District, Israel		2026-08-09			mobile group ltd
https://www.linkedin.com/jobs/view/4449297997	2026-08-30	linkedin	Fullstack Engineer	Radware	added	Tel Aviv-Yafo, Tel Aviv District, Israel		2026-08-09			radware
https://www.linkedin.com/jobs/view/4448259647	2026-08-30	linkedin	Full Stack Developer : Agentic AI	Apple	added	Haifa, Haifa District, Israel		2026-08-04			apple
https://www.linkedin.com/jobs/view/4456866747	2026-08-30	linkedin	Full-Stack Developer	BOA Ideas - Shopify Platinum agency	added	Kfar Saba, Center District, Israel		2026-07-30			boa ideas shopify platinum agency
https://www.linkedin.com/jobs/view/4440860823	2026-08-30	linkedin	Full Stack Developer	OurCrowd	added	Jerusalem District, Israel		2026-07-14			ourcrowd
https://www.linkedin.com/jobs/view/4436930806	2026-08-30	linkedin	Full Stack Developer	Deliveright	added			2026-07-04			deliveright
https://www.linkedin.com/jobs/view/4433343239	2026-08-30	linkedin	POSITION 201 | WEB DEVELOPER | Efcom	EfCom Ltd	added			2026-06-25			efcom ltd
https://www.linkedin.com/jobs/view/4431780609	2026-08-30	linkedin	Full Stack Developer	Questar Auto Technologies	added	Herzliya, Tel Aviv District, Israel		2026-06-22			questar auto technologies
https://www.linkedin.com/jobs/view/4378319656	2026-08-30	linkedin	Full Stack Developer	Adzz	added	Karmiel, North District, Israel		2026-02-26			adzz
https://www.linkedin.com/jobs/view/4327635116	2026-08-30	linkedin	Monogoto-Full Stack Developer	Team8	added	Tel Aviv-Yafo, Tel Aviv District, Israel		2025-11-20			team8
https://www.linkedin.com/jobs/view/4321813483	2026-08-30	linkedin	Full Stack Engineer	ZEST Security	added	Tel Aviv-Yafo, Tel Aviv District, Israel		2025-11-11			zest security
https://www.linkedin.com/jobs/view/4458848676	2026-08-30	linkedin	Full Stack Developer	Check Point Software	added	Tel Aviv-Yafo, Tel Aviv District, Israel					check point software
https://www.linkedin.com/jobs/view/4453873746	2026-08-30	linkedin	Full Stack Shopify Developer	Cherry	added	Tel Aviv District, Israel		2026-08-20			cherry
https://www.linkedin.com/jobs/view/4433608645	2026-08-30	linkedin	Fullstack Engineer	Ashley Digital	added	Tel Aviv-Yafo, Tel Aviv District, Israel		2026-08-10			ashley digital
https://www.linkedin.com/jobs/view/4457739917	2026-08-30	linkedin	2419 - Senior Full Stack Developer	Shabak - Israeli Security Agency - Career	added	Tel Aviv District, Israel		2026-08-27			shabak israeli security agency career
https://www.linkedin.com/jobs/view/4457255108	2026-08-30	linkedin	Infrastructure developer	Software AG Israel	added	Tel Aviv District, Israel		2026-08-26			software ag israel
https://www.linkedin.com/jobs/view/4440855624	2026-08-30	linkedin	Backend Engineer, Data Foundations	Similarweb	added	Tel Aviv-Yafo, Tel Aviv District, Israel		2026-08-26			similarweb
https://www.linkedin.com/jobs/view/4447375709	2026-08-30	linkedin	Principal Software Engineer (Directory Services)	Palo Alto Networks	added	Petah Tikva, Center District, Israel		2026-08-26			palo alto networks
https://www.linkedin.com/jobs/view/4452421655	2026-08-30	linkedin	Senior Back End Developer - C#/.NET	ARAN Software	added	Center District, Israel		2026-08-25			aran software
https://www.linkedin.com/jobs/view/4454007763	2026-08-30	linkedin	Full Stack Engineer	ARAN Software	added	Center District, Israel		2026-08-25			aran software
https://www.linkedin.com/jobs/view/4451782417	2026-08-30	linkedin	Full Stack .NET Developer / SQL Expert	Mobisoft	added	Netanya, Center District, Israel		2026-08-24			mobisoft
https://www.linkedin.com/jobs/view/4453872676	2026-08-30	linkedin	C#/.NET Backend Developer 239568	Experis Israel	added	Yehud Monosson, Center District, Israel		2026-08-20			experis israel
https://www.linkedin.com/jobs/view/4455924009	2026-08-30	linkedin	Experienced Backend Developer – .NET C# Expert (582)	Utron	added	Hevel Modiin Regional Council, Center District, Israel		2026-08-18			utron
https://www.linkedin.com/jobs/view/4431682358	2026-08-30	linkedin	C#/.NET Backend Developer	Yael Korentec Technologies	added	Center District, Israel		2026-08-16			yael korentec technologies
https://www.linkedin.com/jobs/view/4377852936	2026-08-30	linkedin	Senior .Net Back-End Engineer	Cross River	added	West Jerusalem, Jerusalem District, Israel		2026-08-16			cross river
https://www.linkedin.com/jobs/view/4453675489	2026-08-30	linkedin	Backend & Data Developer (.NET Core / Cloud)	abra	added	Lod, Center District, Israel		2026-08-13			abra
https://www.linkedin.com/jobs/view/4448903646	2026-08-30	linkedin	Software engineer	GROH SYSTEMS	added	Netanya, Center District, Israel		2026-08-05			groh systems
https://www.linkedin.com/jobs/view/4445885087	2026-08-30	linkedin	Backend Developer	Elspec Engineering ltd.	added	Caesarea, Haifa District, Israel		2026-08-03			elspec engineering ltd
https://www.linkedin.com/jobs/view/4437392354	2026-08-30	linkedin	Backend Developer	Black Rabbit	added	Tel Aviv-Yafo, Tel Aviv District, Israel		2026-07-09			black rabbit
https://www.linkedin.com/jobs/view/4436371512	2026-08-30	linkedin	Backend Developer (C# or Java)	Payoneer	added	Herzliya, Tel Aviv District, Israel		2026-07-02			payoneer
https://www.linkedin.com/jobs/view/4435561066	2026-08-30	linkedin	Backend Developer	Mize	added	Tel Aviv-Yafo, Tel Aviv District, Israel		2026-07-01			mize
https://www.linkedin.com/jobs/view/4422272922	2026-08-30	linkedin	Senior Backend Engineer	Hoopo	added	Herzliya, Tel Aviv District, Israel		2026-06-09			hoopo
https://www.linkedin.com/jobs/view/4418964052	2026-08-30	linkedin	Backend Developer	Centrical	added	Raanana, Center District, Israel		2026-05-25			centrical
https://www.linkedin.com/jobs/view/4460883379	2026-08-30	linkedin	Senior C# Backend Engineer	Yael Korentec Technologies	added	Yehud Monosson, Center District, Israel					yael korentec technologies
https://www.linkedin.com/jobs/view/4429845230	2026-08-30	linkedin	Senior Frontend Engineer (Cortex Platform)	Palo Alto Networks	added	Tel Aviv-Yafo, Tel Aviv District, Israel		2026-08-27			palo alto networks
https://www.linkedin.com/jobs/view/4458647686	2026-08-30	linkedin	Graduate Frontend / Full Stack Software Engineer – UpNEXT Program	ERGO NEXT Insurance	added	Kfar Saba, Center District, Israel		2026-08-27			ergo next insurance
https://www.linkedin.com/jobs/view/4458732507	2026-08-30	linkedin	Corporate Lawyer (Tech Division)	Herzog	added	Tel Aviv District, Israel		2026-08-25			herzog
https://www.linkedin.com/jobs/view/4455828888	2026-08-30	linkedin	Frontend Developer	Gotfriends	added	Center District, Israel		2026-08-24			gotfriends
https://www.linkedin.com/jobs/view/4444409621	2026-08-30	linkedin	רו"ח ועו"ד לתחום האופציות ותגמול מבוסס מניות - JB-631	PwC Israel	added	Tel Aviv-Yafo, Tel Aviv District, Israel		2026-08-19			pwc israel
https://www.linkedin.com/jobs/view/4455708244	2026-08-30	linkedin	Full stack Team Lead	KELA - Cyber Threat Intelligence	added	Tel Aviv-Yafo, Tel Aviv District, Israel		2026-08-18			kela cyber threat intelligence
https://www.linkedin.com/jobs/view/4451798311	2026-08-30	linkedin	Principal Frontend Engineer (Cortex Platform)	Palo Alto Networks	added	Tel Aviv-Yafo, Tel Aviv District, Israel		2026-08-16			palo alto networks
https://www.linkedin.com/jobs/view/4406465366	2026-08-30	linkedin	Senior Full Stack	Elbit Systems Israel	added	Ramat Gan, Tel Aviv District, Israel		2026-08-16			elbit systems israel
https://www.linkedin.com/jobs/view/4452087459	2026-08-30	linkedin	Full Stack Developer ( NET & Angular)	CodeValue	added	West Jerusalem, Jerusalem District, Israel		2026-08-10			codevalue
https://www.linkedin.com/jobs/view/4448871298	2026-08-30	linkedin	Legal Counsel | Civil Litigation	IEC - Israel Electric Corporation חברת החשמל לישראל בע"מ	added	Tel Aviv-Yafo, Tel Aviv District, Israel		2026-08-04			iec israel electric corporation
https://www.linkedin.com/jobs/view/4448843996	2026-08-30	linkedin	Full Stack & AI Developer	Shavit Software	added	Tel Aviv District, Israel		2026-08-04			shavit software
https://www.linkedin.com/jobs/view/4383734132	2026-08-30	linkedin	Frontend Developer (Angular)	Appdome	added	Tel Aviv-Yafo, Tel Aviv District, Israel		2026-08-03			appdome
https://www.linkedin.com/jobs/view/4443959273	2026-08-30	linkedin	Legal Counsel	Spinomenal	added	Bnei Brak, Tel Aviv District, Israel		2026-07-22			spinomenal
https://www.linkedin.com/jobs/view/4425568381	2026-08-30	linkedin	Senior Frontend Developer (Angular)	UR Tech Jobs	added	Tel Aviv-Yafo, Tel Aviv District, Israel		2026-06-09			ur tech jobs
https://www.linkedin.com/jobs/view/4425555463	2026-08-30	linkedin	Senior Full Stack Developer ( Angular Frontend-Oriented)	UR Tech Jobs	added	Tel Aviv-Yafo, Tel Aviv District, Israel		2026-06-09			ur tech jobs
https://www.linkedin.com/jobs/view/4416284127	2026-08-30	linkedin	Full Stack Developer	Gini-Apps	added	Tel Aviv-Yafo, Tel Aviv District, Israel		2026-05-18			gini apps
https://www.linkedin.com/jobs/view/4441117754	2026-08-30	linkedin	Frontend Engineer	ERGO NEXT Insurance	added	Kfar Saba, Center District, Israel					ergo next insurance
https://www.linkedin.com/jobs/view/4458844579	2026-08-30	linkedin	Frontend Developer	Moveo Group	added	Tel Aviv-Yafo, Tel Aviv District, Israel					moveo group
https://www.linkedin.com/jobs/view/4458393844	2026-08-30	linkedin	Senior Back End Developer	Pecan AI	added	Ramat Gan, Tel Aviv District, Israel		2026-08-27			pecan ai
https://www.linkedin.com/jobs/view/4458399492	2026-08-30	linkedin	Mid-Level Backend Engineer	Fullpath	added	West Jerusalem, Jerusalem District, Israel		2026-08-27			fullpath
https://www.linkedin.com/jobs/view/4421620656	2026-08-30	linkedin	Senior Backend Engineer (Python)	Gong	added	Tel Aviv-Yafo, Tel Aviv District, Israel		2026-08-26			gong
https://www.linkedin.com/jobs/view/4437600080	2026-08-30	linkedin	Principal/ Senior Backend Engineer (KSPM)	Palo Alto Networks	added	Tel Aviv-Yafo, Tel Aviv District, Israel		2026-08-26			palo alto networks
https://www.linkedin.com/jobs/view/4439798199	2026-08-30	linkedin	Core Backend Engineer	Aidoc	added	Tel Aviv-Yafo, Tel Aviv District, Israel		2026-08-25			aidoc
https://www.linkedin.com/jobs/view/4453965671	2026-08-30	linkedin	Backend Software Developer	Apono	added	Tel Aviv-Yafo, Tel Aviv District, Israel		2026-08-24			apono
https://www.linkedin.com/jobs/view/4443175475	2026-08-30	linkedin	Senior Backend Engineer	Port.io	added	Tel Aviv-Yafo, Tel Aviv District, Israel		2026-08-22			port io
https://www.linkedin.com/jobs/view/4455771383	2026-08-30	linkedin	Senior Java Backend Developer - CWAF	Thales	added	Rehovot, Center District, Israel		2026-08-18			thales
https://www.linkedin.com/jobs/view/4425729579	2026-08-30	linkedin	Software Engineer – Networking Group	Cato Networks	added	Tel Aviv District, Israel		2026-08-17			cato networks
https://www.linkedin.com/jobs/view/4452975842	2026-08-30	linkedin	Senior Back End Developer	Kendago	added	Kiryat Ono, Tel Aviv District, Israel		2026-08-16			kendago
https://www.linkedin.com/jobs/view/4448835036	2026-08-30	linkedin	Senior Java Software Engineer	Infinidat	added	Herzliya, Tel Aviv District, Israel		2026-08-04			infinidat
https://www.linkedin.com/jobs/view/4456878816	2026-08-30	linkedin	Senior Backend Software Engineer	Hypernative	added	Herzliya, Tel Aviv District, Israel		2026-07-30			hypernative
https://www.linkedin.com/jobs/view/4454761227	2026-08-30	linkedin	Backend Engineer	Appcharge	added	Tel Aviv-Yafo, Tel Aviv District, Israel		2026-07-24			appcharge
https://www.linkedin.com/jobs/view/4437217419	2026-08-30	linkedin	Java Developer	Infinidat	added	Herzliya, Tel Aviv District, Israel		2026-07-12			infinidat
https://www.linkedin.com/jobs/view/4431384618	2026-08-30	linkedin	Senior SW Backend Engineer	Verint	added	Herzliya, Tel Aviv District, Israel		2026-06-21			verint
https://www.linkedin.com/jobs/view/4401069525	2026-08-30	linkedin	Senior Backend Engineer	Fullpath	added	West Jerusalem, Jerusalem District, Israel		2026-04-13			fullpath
https://www.linkedin.com/jobs/view/4388535381	2026-08-30	linkedin	Senior Backend Engineer	Gini-Apps	added	Tel Aviv-Yafo, Tel Aviv District, Israel		2026-03-20			gini apps
https://www.linkedin.com/jobs/view/4346275019	2026-08-30	linkedin	Senior Java Developer	Vicarius	added	Tel Aviv-Yafo, Tel Aviv District, Israel		2026-01-20			vicarius
https://www.linkedin.com/jobs/view/4458634930	2026-08-30	linkedin	Frontend Engineer	Loora	added	Tel Aviv-Yafo, Tel Aviv District, Israel		2026-08-27			loora
https://www.linkedin.com/jobs/view/4432285288	2026-08-30	linkedin	Senior Frontend Engineer	Frame Security	added	Tel Aviv-Yafo, Tel Aviv District, Israel		2026-08-26			frame security
https://www.linkedin.com/jobs/view/4438983294	2026-08-30	linkedin	Front-End Engineer	Via	added	Tel Aviv-Yafo, Tel Aviv District, Israel		2026-08-23			via
https://www.linkedin.com/jobs/view/4426496515	2026-08-30	linkedin	Senior Frontend Engineer	Clover Security	added	Tel Aviv-Yafo, Tel Aviv District, Israel		2026-08-20			clover security
https://www.linkedin.com/jobs/view/4406752504	2026-08-30	linkedin	Expert Frontend Engineer	Wiz	added	Tel Aviv-Yafo, Tel Aviv District, Israel		2026-08-16			wiz
https://www.linkedin.com/jobs/view/4451586958	2026-08-30	linkedin	Senior UI Developer	CodeValue	added	Herzliya, Tel Aviv District, Israel		2026-08-10			codevalue
https://www.linkedin.com/jobs/view/4448971817	2026-08-30	linkedin	Frontend Engineer – AI-Driven Data Security Platform	Cyber Intel Daily	added	Tel Aviv-Yafo, Tel Aviv District, Israel		2026-08-05			cyber intel daily
https://www.linkedin.com/jobs/view/4447112928	2026-08-30	linkedin	Frontend Engineer	Tipuli Tech	added	Holon, Tel Aviv District, Israel		2026-07-31			tipuli tech
https://www.linkedin.com/jobs/view/4446597452	2026-08-30	linkedin	Senior Frontend Engineer	Zafran Security	added	Tel Aviv-Yafo, Tel Aviv District, Israel		2026-07-29			zafran security
https://www.linkedin.com/jobs/view/4443709915	2026-08-30	linkedin	Senior Frontend Engineer	Glow	added	Tel Aviv-Yafo, Tel Aviv District, Israel		2026-07-22			glow
https://www.linkedin.com/jobs/view/4436044366	2026-08-30	linkedin	Frontend Engineer	Gambit Security	added	Tel Aviv-Yafo, Tel Aviv District, Israel		2026-07-05			gambit security
https://www.linkedin.com/jobs/view/4429420699	2026-08-30	linkedin	Senior Frontend Engineer	Applied Materials - Israel	added	Rehovot, Center District, Israel		2026-06-22			applied materials israel
https://www.linkedin.com/jobs/view/4424287047	2026-08-30	linkedin	Senior Frontend Engineer, Product Team	Rylo	added	Tel Aviv-Yafo, Tel Aviv District, Israel		2026-06-08			rylo
https://www.linkedin.com/jobs/view/4398060512	2026-08-30	linkedin	Senior Frontend Engineer	Mesh Security	added	Tel Aviv District, Israel		2026-04-06			mesh security
https://www.linkedin.com/jobs/view/4375236088	2026-08-30	linkedin	Senior Frontend Engineer	Flare	added	Tel Aviv-Yafo, Tel Aviv District, Israel		2026-03-04			flare
https://www.linkedin.com/jobs/view/4370082705	2026-08-30	linkedin	Frontend Engineer	groundcover	added	Tel Aviv-Yafo, Tel Aviv District, Israel		2026-01-14			groundcover
https://www.linkedin.com/jobs/view/4328780002	2026-08-30	linkedin	Senior Frontend Developer	Noma Security	added	Tel Aviv-Yafo, Tel Aviv District, Israel		2025-11-27			noma security
https://www.linkedin.com/jobs/view/4460868998	2026-08-30	linkedin	Frontend Software Engineer	Upwind Security	added	Ramat Gan, Tel Aviv District, Israel					upwind security
